{"version":3,"hash":{"type":"Buffer","data":"29i0N1+om069yHCwuFMAK694d4HPRgjrxZ8TrnaxO6qYCz+qc06fkWt7MjEfI0KU+EdQTNLKCm0mpuB6Zo1Lvxl263DzYkJBizYlKfEcZnQE2CEbYbs/9vYu/HsNf0AZysJulkF9CYOxfkZQkx9jQn9znPn3IJ0c8WBpAvOlf4s="},"indexValueMap":{"5YhcLrs2U/P1ZE+8uI7/IXhE1P7AksfdTwNWGnf1qWM=":{"valueMac":{"type":"Buffer","data":"JgYownG7xhB6tnexE7Pnb48nhdKZJqDwiHm1AhBG3N4="}},"9584jkyoyGytKBKhbotmW8mZmQ5/UNdzlEL6rxAqaYo=":{"valueMac":{"type":"Buffer","data":"5D+d9duhFs416MCrWoAr/IBY7nxc0/8qMmbpLcQHDHQ="}},"Qh4/gn1PQAN3NuigtX6OnW7GsFFB0D6o/l4urP45GW4=":{"valueMac":{"type":"Buffer","data":"gDir2i1CnJ4/f8uS7sxuJxg1ups3KrrLC6wxsECD68A="}},"I1Zk15vaddHn1oCq8RetfF9Xt3yQs7fRhgIa2UVHuaA=":{"valueMac":{"type":"Buffer","data":"NeEYNRwoeYVBrMoPADZ6Z2dOo8k6XG8Au1B+svgPaes="}},"mgOCF+xh5suFjCQ2FRKmwfen/+NkFmmcrESPsmNujS0=":{"valueMac":{"type":"Buffer","data":"5QYPrCQXYgrXSU3QAl7vADY/3Kx5jvyFx2JHATgtW54="}},"8AKiHRceW4F3wAy3F6ZzypkWHwB8LQlu4sI8M/F8Wag=":{"valueMac":{"type":"Buffer","data":"8A8cMnLJAmBXcoN1/lrV2LTGjzvSCMPI0PMU+cHoUGY="}},"JTo2F+TErxO2Rsoyzl0ZwAkZOrWf2tHpfuyenAFjupo=":{"valueMac":{"type":"Buffer","data":"ZlHAFWUw30iKyUa8N2GekWnr3oZtuRpcjLh+voK47+M="}},"S4ZFBTTLOetpU61WmhHlp11Sms07Vwwp1Grq+F4wCbk=":{"valueMac":{"type":"Buffer","data":"AvsClixEHR3A8yc7iJPOeRMj4tYFMMg98csvnLlLXq8="}},"m1kX9VBgRsIXx7fuz1B8NCpYlolzQdCjgHvxH7PlRHk=":{"valueMac":{"type":"Buffer","data":"FcZoXbhrWElqFpHEt1PQh3aJyAL8sN/zoi/ncwOvZBY="}},"JrjFZrIFbWCSGwRl1SaqDm2QM3oKk8EecybO1e4+oo4=":{"valueMac":{"type":"Buffer","data":"k2gZHFEJczUtQOHhoyeYu8u3vzXqj+56gEpfKJx55lk="}},"ZLzCUy0oHE4xsIC/+HX8MCuDd+h358t/5O5x5Cn3Ywo=":{"valueMac":{"type":"Buffer","data":"j8yawm6mziPwnoJA2Qu6jHjd1HWrId8MQrIrfjl2In4="}},"uAOa/4iYHideCwbYm4lflUtg0Ehm5fuuOlfL2FzPd80=":{"valueMac":{"type":"Buffer","data":"5cntS77UkLhSdfPEByh99hDXPEU5jweN0vzmBK31LMk="}},"9LX/tBc/j6CRJK5oPwxt6g6Dvc2daUKKxOat+NjZW4A=":{"valueMac":{"type":"Buffer","data":"k5HyVZ4sMUSWPpqssS5O40tiAvZxibTGr0g4Oex1hv4="}}}}