{"version":3,"hash":{"type":"Buffer","data":"LrFW/bOAeEI2wUINGLEeFflThCA9bAlGJsHwxHwm+BtC8QRZfP98kbRcK2yODpa3mfr92DdCpXtc4HpKbnfkufWJUaf2fjJhEqiclNdGXVrZb53NZowXbKGhZh7cqr4kdDNviCFDh+c4alNYvhlDwTNq58OwEHpx+X1lX14VOwE="},"indexValueMap":{"npU4M+jAfNbo68IbNDdrORqygE1rQ02cc3hsgBho7No=":{"valueMac":{"type":"Buffer","data":"qyav1H9uOIjatTEwa3UZ9lbiOUOzzkep4yshhfef+Vs="}},"EwLigQhlG5tXCSkwE93PU5PT0KNhjugoWuaccJBnrK0=":{"valueMac":{"type":"Buffer","data":"JOPQS6zEmqWLA5niuDz5zLlTFWpQQSmo1kGWCgCwQiA="}},"inm3f3LfVaVCyNiMnWoVgtXvMPt/YyZGgIqbcDrDlfw=":{"valueMac":{"type":"Buffer","data":"mTHo7Ocdb/2ds3FB/CojMuS/8hOOBt2qZcegZOTVcvA="}}}}