[{"senderKeyId":1836408787,"senderChainKey":{"iteration":211,"seed":"04eEg3+aSpYu5wGUDFj8OS98oT4qdq1/LUliV1pCjIY="},"senderSigningKey":{"public":"BQsQ0n0arfWhVYcCOnl9LOmL8u0pb4MvibjZOhYG/yx3","private":"OFeMedaIvBkKJgtEDqiY9uwatXYVK2bM6GQc0XUpl3U="},"senderMessageKeys":[{"iteration":1,"seed":"LduomobS3oh6L5hplW7Km060g8sbPlVZhGbPzL4QINI="},{"iteration":3,"seed":"fLW3sW0VQgUVF2IkApumnecd7S6Xw/uQWS8hzX6beXA="},{"iteration":5,"seed":"wC3dph9xF0A7ficoVVxx6c9VdCrsoBFb0nUf0AxkUKY="},{"iteration":7,"seed":"C4P/hFvrgBJkT4k5a55v9Yc8DK0xhPSGrn30dTC5PkE="},{"iteration":9,"seed":"zvraLqkqH0CCsXtQo+7rhlfwnwX01XcdlRUGE/X+ms8="},{"iteration":11,"seed":"U07PS3CI4PzeCMJReiy9IzGIh6qlbuZGjMEsra7xUdE="},{"iteration":13,"seed":"74NkSWxZ7FnoA7GazAx+w76gP9+XYWuQr6AthIOQyh4="},{"iteration":15,"seed":"weqkzo2Z7bKtUj215VRmDpyl7NHVJW1kKLOKBPGFhwU="},{"iteration":17,"seed":"ToSSkl4bgzr/oiWOEgnFoc088hVH1aPpvX+gHyaq1yY="},{"iteration":19,"seed":"F5rUjkTRR4OFL5VURYsviBW5zgJvArOiXilSBUtLbfU="},{"iteration":21,"seed":"ouVY53hPN3MbP9cXGCZVL6FQmC0HxVO1s5dfUNuUEyQ="},{"iteration":23,"seed":"/Y6H2WfV//JLkXBTmljLRi0uW+UhHo6rr/cLiBXL0B4="},{"iteration":25,"seed":"JdFh/Gk+B6WCSta8GECSTfsGDEgVcbqTVkslotH0NLY="},{"iteration":27,"seed":"GYuYwFB0e2C10atmdiAFymEsfuXbwpiRtovL3XNHQ3A="},{"iteration":29,"seed":"+1a6o2FVJckF12+mVZJwkg/eEn9M5wFQQvcwt5eH3TE="},{"iteration":31,"seed":"8D5kyQuk3+/Cq8cNcI+Ws6r/291W7bJW6XkwrCOf/+I="},{"iteration":33,"seed":"T1ZVh2GbUU2TiD7RuLrF9J9kKVLrkXlLMa7C4bOAVrs="},{},{},{},{},{},{},{},{},{},{},{},{},{},{},{},{},{},{},{},{},{},{},{},{},{},{},{},{},{},{},{},{},{},{},{},{},{},{},{},{},{},{},{},{},{},{},{},{},{},{},{},{},{},{},{},{},{},{},{},{},{},{},{},{},{},{},{},{},{},{},{},{},{},{},{},{},{},{},{},{},{},{},{},{},{},{},{},{}]}]