{"_sessions":{"BW8AxLOX4/xUXmBNRZhWtIli7x/QaYnIYgoHkKt144EN":{"registrationId":178145637,"currentRatchet":{"ephemeralKeyPair":{"pubKey":"BY1+uF3frbZ9wv2fxuP5dsRYRIAI+R05qZQfCoyjxC4o","privKey":"2PHHHvyM6lLZpCh3GVyrtkt3nApJKzmWnd788h3O/Gw="},"lastRemoteEphemeralKey":"BVCyLMXBBShl8IsSi/eTPuetq7u01wYvFsvBhTMAqJJj","previousCounter":0,"rootKey":"JZwGd7cytCkIBfTZEy8GD8KrPLIS8YyApGjKLSVYEBA="},"indexInfo":{"baseKey":"BW8AxLOX4/xUXmBNRZhWtIli7x/QaYnIYgoHkKt144EN","baseKeyType":1,"closed":-1,"used":1729065243508,"created":1729005315699,"remoteIdentityKey":"BSBI2XaeLfxv0obmY7PXQSYPEuyZ4T6xf/F5eL3ZPE0g"},"_chains":{"BVCyLMXBBShl8IsSi/eTPuetq7u01wYvFsvBhTMAqJJj":{"chainKey":{"counter":0,"key":"yJ2i+yBggYpJ/gUQfqABQq9hUG2ypYkcyl0Vv1Aecjg="},"chainType":2,"messageKeys":{}},"BY1+uF3frbZ9wv2fxuP5dsRYRIAI+R05qZQfCoyjxC4o":{"chainKey":{"counter":-1,"key":"Ls/LUpayuAXspahQkBzej+x2aQCbqF3QsRui2ytSa+4="},"chainType":1,"messageKeys":{}}}}},"version":"v1"}