{"_sessions":{"BTr+XMmdfWMKgjE3Lln5kIj8/bVGAqT1Z/b9nPJ5+XEO":{"registrationId":2103798997,"currentRatchet":{"ephemeralKeyPair":{"pubKey":"BQzoUI07x7CDDUjtQiFb/l1HQ19tc0bo4tVq+p35WuBV","privKey":"uCFhrI9EGS40DHZIpglyPdcR6ZBFkW+gMxNBDLeLL3s="},"lastRemoteEphemeralKey":"BZYYGX3fF9la7zYHXT7CGJwiaCKR2tcrKKwvRdQ6kjhf","previousCounter":0,"rootKey":"RchiQanV2uQZma/HWqdzX34cC0Qo61qOU3kkbP7tzNM="},"indexInfo":{"baseKey":"BTr+XMmdfWMKgjE3Lln5kIj8/bVGAqT1Z/b9nPJ5+XEO","baseKeyType":1,"closed":-1,"used":1729004967721,"created":1729004967721,"remoteIdentityKey":"BbEh11ZVt8vSLikCBPBuxbZmKpCc/hTKjGEPirwlw48T"},"_chains":{"BQzoUI07x7CDDUjtQiFb/l1HQ19tc0bo4tVq+p35WuBV":{"chainKey":{"counter":0,"key":"8HKhELdaqTfZIzgMhxvdR+Pp1UdPzcYPui/niCDOEI4="},"chainType":1,"messageKeys":{}}},"pendingPreKey":{"signedKeyId":4,"baseKey":"BTr+XMmdfWMKgjE3Lln5kIj8/bVGAqT1Z/b9nPJ5+XEO","preKeyId":14800805}}},"version":"v1"}