{"_sessions":{"BQF9t8IZfQYYjotFRdvh6V2Ob0rutGe3WPqeu7xlHl8t":{"registrationId":1322556507,"currentRatchet":{"ephemeralKeyPair":{"pubKey":"BS2BERKvf0udFr1guZXAiaGFLZg8Dc9Bz0ywVONym01N","privKey":"QL/cOYSAMoz+E9Q4/7vG2+/gjeEkEl7bhxpbjL3QIFo="},"lastRemoteEphemeralKey":"BUet5dpDLkyOPerqFnfZ7R/m20EqktVM3EH/Df5S4ogq","previousCounter":0,"rootKey":"Rlz4eDZPVzVEQuNvg/7V9VxqllJIhnQkjxbIhN7PQWI="},"indexInfo":{"baseKey":"BQF9t8IZfQYYjotFRdvh6V2Ob0rutGe3WPqeu7xlHl8t","baseKeyType":1,"closed":-1,"used":1729004967769,"created":1729004967769,"remoteIdentityKey":"BW6jX9msTQwQ/VJXLXqx6pjoct4yfiTWn/Al+T1eZeNM"},"_chains":{"BS2BERKvf0udFr1guZXAiaGFLZg8Dc9Bz0ywVONym01N":{"chainKey":{"counter":0,"key":"KYUFoxGOnmlljCQkEMnF79t+Y0sxnHnApFqDJigMmrs="},"chainType":1,"messageKeys":{}}},"pendingPreKey":{"signedKeyId":0,"baseKey":"BQF9t8IZfQYYjotFRdvh6V2Ob0rutGe3WPqeu7xlHl8t","preKeyId":16136859}}},"version":"v1"}