{"_sessions":{"BTOCPjosD18VNo99w7sWJzAO9aViBgJEn0N8ussg6hYf":{"registrationId":1729303224,"currentRatchet":{"ephemeralKeyPair":{"pubKey":"BdiCQMM5mAoDQ/AZRCpypwlMfxex6BeizEsqZ774+VZd","privKey":"iDp4bO9WXSavtnxbR0i0l+MOUI/h4brNJ2dwVwHsQkg="},"lastRemoteEphemeralKey":"Bd7IhSxW2zs7RKi6r43Hy/tS/q41dphX2Cp3rBDEHqV0","previousCounter":0,"rootKey":"Z7PQicL9P8Q8BrMmoep01zZNLCpJs4QoVPtsKCfBn0E="},"indexInfo":{"baseKey":"BTOCPjosD18VNo99w7sWJzAO9aViBgJEn0N8ussg6hYf","baseKeyType":2,"closed":-1,"used":1729065241446,"created":1729065241446,"remoteIdentityKey":"BZfSxa1Y57wJXrqHAB2auddJYlBVr2zItwWH4nX9WWse"},"_chains":{"Bd7IhSxW2zs7RKi6r43Hy/tS/q41dphX2Cp3rBDEHqV0":{"chainKey":{"counter":0,"key":"Ew6/w4zf/dCCkk5QvRwVc8Z0mAGwJKAxhqik6FwjvRI="},"chainType":2,"messageKeys":{}},"BdiCQMM5mAoDQ/AZRCpypwlMfxex6BeizEsqZ774+VZd":{"chainKey":{"counter":-1,"key":"4aul43M5X4BSX8w75R/dxuqvleuaffGMhkgAYPI/XKo="},"chainType":1,"messageKeys":{}}}}},"version":"v1"}