{"_sessions":{"BU2/7JKXjvhMCjCV4fWY2njh6udeviEALEIJiBIcju08":{"registrationId":143522156,"currentRatchet":{"ephemeralKeyPair":{"pubKey":"BQ/GG0OrjYMVRSStUveDdlKqxal04ktR66ci4+m9Rupe","privKey":"4IE1yFmWGncWrrFJtja0/oQQ58XcI8kWf3g/9CDLZVY="},"lastRemoteEphemeralKey":"BQ7E09AppE1a+vfP8oGNvEKWSqkMqVYbO0qZ7Rz5lFoD","previousCounter":0,"rootKey":"yAg/NmMQ63xby3LKGFYUZdPP1gH0xlN74LVtzAny8mg="},"indexInfo":{"baseKey":"BU2/7JKXjvhMCjCV4fWY2njh6udeviEALEIJiBIcju08","baseKeyType":1,"closed":-1,"used":1729004967746,"created":1729004967746,"remoteIdentityKey":"BeQrBAqgIQMsRie6N0Zq2RKkGqhoLol2gBprWck1CJhk"},"_chains":{"BQ/GG0OrjYMVRSStUveDdlKqxal04ktR66ci4+m9Rupe":{"chainKey":{"counter":0,"key":"iFy3qmht2N8KRT0AuQUxiNs0CV43e+pOlUY3pNLdsL4="},"chainType":1,"messageKeys":{}}},"pendingPreKey":{"signedKeyId":5,"baseKey":"BU2/7JKXjvhMCjCV4fWY2njh6udeviEALEIJiBIcju08","preKeyId":15771679}}},"version":"v1"}