{"_sessions":{"BSCZF9TuIaw9Cfdy46pR3pnd3F3rGU5TLDXcikHRJD9l":{"registrationId":821269572,"currentRatchet":{"ephemeralKeyPair":{"pubKey":"BeBi3xsSZ1EHPNf+/hh5za2ZhTL/O5nqg95PWUI30GMU","privKey":"mH7D+65rf/M+7v8pWiy2MEhmZFUvkjBzjTMbcteZPnQ="},"lastRemoteEphemeralKey":"BZ1Yz/Go7KdrAWkK6sfjfYTV8WRQQlrIaMz+t3TE695b","previousCounter":0,"rootKey":"lRXSMcKGxWwe3GnO3/dzdrP+OqGcCU5j3OGgp2xz+ZE="},"indexInfo":{"baseKey":"BSCZF9TuIaw9Cfdy46pR3pnd3F3rGU5TLDXcikHRJD9l","baseKeyType":1,"closed":-1,"used":1729004967713,"created":1729004967713,"remoteIdentityKey":"BVL/jeERE1vg1REf2jTs9hq+Ddo4yfkK/pCZM+/1qMIk"},"_chains":{"BeBi3xsSZ1EHPNf+/hh5za2ZhTL/O5nqg95PWUI30GMU":{"chainKey":{"counter":0,"key":"YS+MfBSB6KgF/wgRNVKpkvpKXNyF840ESC3FRZtqHmo="},"chainType":1,"messageKeys":{}}},"pendingPreKey":{"signedKeyId":15,"baseKey":"BSCZF9TuIaw9Cfdy46pR3pnd3F3rGU5TLDXcikHRJD9l"}}},"version":"v1"}