{"_sessions":{"Bcm57d7pqHl4gzklrIkIx9gWJ/PLr8uW77DYVnNdgppI":{"registrationId":2002293483,"currentRatchet":{"ephemeralKeyPair":{"pubKey":"BXPY6ly3v4NDiOVWKEG/3Q9BiMDoSCo8azkwTfWmbQZe","privKey":"GMTLmXs/U2QQ387iI7r09eACODLVEwu74kee0+AFtGo="},"lastRemoteEphemeralKey":"BX/Oh8GxJ6k3XL6AD+lq/Mgy9ZBBkRMS9Adqu3oJunZs","previousCounter":0,"rootKey":"kxJRNSGeoWvzQsZSTDPnkoMJ9r+3fMSylGhm8LDbEYs="},"indexInfo":{"baseKey":"Bcm57d7pqHl4gzklrIkIx9gWJ/PLr8uW77DYVnNdgppI","baseKeyType":1,"closed":-1,"used":1729004967748,"created":1729004967748,"remoteIdentityKey":"BX6kgzkd5OpQk9flP9io9g72yv0syGS/WsSs+iWB0hJx"},"_chains":{"BXPY6ly3v4NDiOVWKEG/3Q9BiMDoSCo8azkwTfWmbQZe":{"chainKey":{"counter":0,"key":"xtTOhrCi26jQt4NMroWOG/YdOPCUzlnsPgRJHreU/Bg="},"chainType":1,"messageKeys":{}}},"pendingPreKey":{"signedKeyId":4,"baseKey":"Bcm57d7pqHl4gzklrIkIx9gWJ/PLr8uW77DYVnNdgppI","preKeyId":4200692}}},"version":"v1"}