{"_sessions":{"BUq2K1YJfrVIFhJL5Xh5Qt9KABwN6klHWuPNIaN1VWBl":{"registrationId":1414254934,"currentRatchet":{"ephemeralKeyPair":{"pubKey":"BaA5TEtn0Lq+92W16ULMKW/7U5S2Dsgs4pZ+2Wn36UI+","privKey":"cHWWRRsc3TwUQaQ8PhlRpiBOrCDA+20riFS5aJa75G0="},"lastRemoteEphemeralKey":"BTReb3e5mAXDxsv62vOcfPHGrQ1DxqbqtW1yeT6LqU0x","previousCounter":0,"rootKey":"jdOydQvkp+ThP64EYdO2kv0j6wf60Z6tvpOLBvunbBU="},"indexInfo":{"baseKey":"BUq2K1YJfrVIFhJL5Xh5Qt9KABwN6klHWuPNIaN1VWBl","baseKeyType":1,"closed":-1,"used":1729004967767,"created":1729004967767,"remoteIdentityKey":"BVe8M+E88mKA4QgMiEyqOGAHWvbPxuYz6doJXEjh5Tlx"},"_chains":{"BaA5TEtn0Lq+92W16ULMKW/7U5S2Dsgs4pZ+2Wn36UI+":{"chainKey":{"counter":0,"key":"ORM2BgkRrAwaR1/DaD3jv2ZlOcy+hS0U6vsVTlouXYI="},"chainType":1,"messageKeys":{}}},"pendingPreKey":{"signedKeyId":2,"baseKey":"BUq2K1YJfrVIFhJL5Xh5Qt9KABwN6klHWuPNIaN1VWBl","preKeyId":12595501}}},"version":"v1"}