{"_sessions":{"BSdoghZVpAEafNef8qS3mE/qpqXxoPbJLWgDoUdLs3h+":{"registrationId":1207487687,"currentRatchet":{"ephemeralKeyPair":{"pubKey":"BSEZlp/x/jBv4ilDlXzNvtHktyekP47qD3Z+SGrh/IQ9","privKey":"ICJWUHeNp74/vQCF12MsToainvgGj6qFus7UkIrLLmo="},"lastRemoteEphemeralKey":"Bd1G+JzVXmReAO1MiXHlG9UtOpAUv0FF/O2FcsLF+qE6","previousCounter":0,"rootKey":"RJyQDCuc1CfyuwnFUKh/YYpu4T8OCNuIyfhgTehZhnM="},"indexInfo":{"baseKey":"BSdoghZVpAEafNef8qS3mE/qpqXxoPbJLWgDoUdLs3h+","baseKeyType":1,"closed":-1,"used":1729004967741,"created":1729004967741,"remoteIdentityKey":"BX5qVQ0XITtr7eDMiNWVYiw6m42EGdjjSMYjmrZ5F0Mo"},"_chains":{"BSEZlp/x/jBv4ilDlXzNvtHktyekP47qD3Z+SGrh/IQ9":{"chainKey":{"counter":0,"key":"J3aUfPg091eUcKcxHkBOufax1wkoSeV3TQTvIm8ht5s="},"chainType":1,"messageKeys":{}}},"pendingPreKey":{"signedKeyId":2,"baseKey":"BSdoghZVpAEafNef8qS3mE/qpqXxoPbJLWgDoUdLs3h+","preKeyId":8658459}}},"version":"v1"}