{"_sessions":{"BabKoOSAoNGxByubc7/EgpUm1PXmgrFNADwsxTCGUzQ6":{"registrationId":158,"currentRatchet":{"ephemeralKeyPair":{"pubKey":"BelFtehvy7AVmdguwyVsIU0CnDf9j5jj9AgnTZczO2Nr","privKey":"yBymY/bNyETq1NIgFhf5L4ebk5wniiSTANSsaYm11lU="},"lastRemoteEphemeralKey":"BYAs8F9ilGMXztHP9TjDbdT23fBezjoHGqAyhGQwf8Ze","previousCounter":0,"rootKey":"rEBffw6Wi1QsltweivX3/GS7vre4FGP4kyhQE1Il6Ms="},"indexInfo":{"baseKey":"BabKoOSAoNGxByubc7/EgpUm1PXmgrFNADwsxTCGUzQ6","baseKeyType":1,"closed":-1,"used":1729004967711,"created":1729004967711,"remoteIdentityKey":"BRhfZIdkpqBYcEnFLPqrOw5M0syPF631b2WV35y2I39Q"},"_chains":{"BelFtehvy7AVmdguwyVsIU0CnDf9j5jj9AgnTZczO2Nr":{"chainKey":{"counter":0,"key":"lXmE5jFU7wN5PJAaF0IFvodTgFEmBAV4vCewlSHCrUQ="},"chainType":1,"messageKeys":{}}},"pendingPreKey":{"signedKeyId":1,"baseKey":"BabKoOSAoNGxByubc7/EgpUm1PXmgrFNADwsxTCGUzQ6"}}},"version":"v1"}