{"_sessions":{"BUyHxl/jE8NzLmAU+VCX+ilTnH4SiLhcEhe3N3FtCI0z":{"registrationId":56732793,"currentRatchet":{"ephemeralKeyPair":{"pubKey":"Bc8GjZ8d2QquPPgBbPE18d6BJZu8qwwqbmg1SYPYpS9G","privKey":"8OplX6L5aHp+SnlAE1YyBtV5hcHRhwhc0UQZpHFv0W0="},"lastRemoteEphemeralKey":"BULXGHx5HHvVgTBBOaf1uR7UumqrEff07diBCHV+TiEK","previousCounter":0,"rootKey":"m6eECqnSpWIU+hVCLDGT9vys3d+AVQPLTJA6WBQ0/no="},"indexInfo":{"baseKey":"BUyHxl/jE8NzLmAU+VCX+ilTnH4SiLhcEhe3N3FtCI0z","baseKeyType":1,"closed":-1,"used":1729004967812,"created":1729004967812,"remoteIdentityKey":"BYh1dYBAM/tXPYrhAPuzwRpIKuaW/y1J42tjSexO6I9S"},"_chains":{"Bc8GjZ8d2QquPPgBbPE18d6BJZu8qwwqbmg1SYPYpS9G":{"chainKey":{"counter":0,"key":"2u0Jn0uXvalFSQBG1rJUVhPhMRP+Vz7mfk13s4ghPVo="},"chainType":1,"messageKeys":{}}},"pendingPreKey":{"signedKeyId":0,"baseKey":"BUyHxl/jE8NzLmAU+VCX+ilTnH4SiLhcEhe3N3FtCI0z","preKeyId":2572693}}},"version":"v1"}