{"_sessions":{"BWYbD7+iTLr+T2pzHfNGO4zTwubV2gbU1cJWe7U4kXU7":{"registrationId":1111510963,"currentRatchet":{"ephemeralKeyPair":{"pubKey":"BVSAoQqu0lPIzzngTGN4yrmWJGZYC4IgaYsXtsM9cC4F","privKey":"8Hu4ODYsRmfEZ+cUc1rOhk3usdp9/ogYdEDns92HKmY="},"lastRemoteEphemeralKey":"BV9iU4icA4NGBI82YkL2gnVvjqmfvYEgiDvmktu7tqQZ","previousCounter":0,"rootKey":"vUUu8v9d/plibQfJ+RnftILUFmesr5R4zkjuRfbcaLE="},"indexInfo":{"baseKey":"BWYbD7+iTLr+T2pzHfNGO4zTwubV2gbU1cJWe7U4kXU7","baseKeyType":1,"closed":-1,"used":1729004967805,"created":1729004967805,"remoteIdentityKey":"BYFqRb+DUrmXgDaxMMQpacMd0zILdWqLquoLliSACT40"},"_chains":{"BVSAoQqu0lPIzzngTGN4yrmWJGZYC4IgaYsXtsM9cC4F":{"chainKey":{"counter":0,"key":"zCZXqhrHUXBJNHG6PiP2p0VcDnXwl6gjUZCw+lBOe/Y="},"chainType":1,"messageKeys":{}}},"pendingPreKey":{"signedKeyId":2,"baseKey":"BWYbD7+iTLr+T2pzHfNGO4zTwubV2gbU1cJWe7U4kXU7","preKeyId":13812508}}},"version":"v1"}