{"_sessions":{"BaPh5dn2ufHkGwgbvnTYJFk1VUn/Y5+YpEJpY/1yVcc3":{"registrationId":914275828,"currentRatchet":{"ephemeralKeyPair":{"pubKey":"Ba3B/vtHoteSGBQ0eHD2RUQW42UWwStFqnPpwReqQsF8","privKey":"qEzA74/o7se2rAR6jvs56/NcpCOXR5j61rq0iqoR4UI="},"lastRemoteEphemeralKey":"BQBrdUX07KJCj5Ej0n7zrCJv9TrUDPe43Q/QEXDdq4Qh","previousCounter":0,"rootKey":"GhWuUBV6+t3SuZYk8t1fJsIfIA+1472MTS7CPd9574U="},"indexInfo":{"baseKey":"BaPh5dn2ufHkGwgbvnTYJFk1VUn/Y5+YpEJpY/1yVcc3","baseKeyType":1,"closed":-1,"used":1729004967718,"created":1729004967718,"remoteIdentityKey":"BQoiDzlxc1QreO65AUJkTRX4m1tSaMzwT272PsbH7oVU"},"_chains":{"Ba3B/vtHoteSGBQ0eHD2RUQW42UWwStFqnPpwReqQsF8":{"chainKey":{"counter":0,"key":"M2rzbZltrzZzozt/aebf18zRcm6xC1js5vZSs4VdbOQ="},"chainType":1,"messageKeys":{}}},"pendingPreKey":{"signedKeyId":16,"baseKey":"BaPh5dn2ufHkGwgbvnTYJFk1VUn/Y5+YpEJpY/1yVcc3","preKeyId":4083665}}},"version":"v1"}