{"_sessions":{"BTxgQgWNegdukI4RYarQMcoISsyAEHt/B16HFiPZAEIb":{"registrationId":1448349241,"currentRatchet":{"ephemeralKeyPair":{"pubKey":"BQkPeVNSV4c0WR8osF0R15V2zYf+ZS0DPLcCGbFHYDwL","privKey":"cDwBAqhnXNaao7/PXYb3I/tDQpo4cNRW5FFKPHYcZls="},"lastRemoteEphemeralKey":"BRn/J4wrV1Otqm9ldEvNpyYv4Uw8cRFF/kL/bcfhRwog","previousCounter":0,"rootKey":"EC5sacZ4a2AIa8fRCjWGqm/UzCsOhbgQNrCg4ib60Kg="},"indexInfo":{"baseKey":"BTxgQgWNegdukI4RYarQMcoISsyAEHt/B16HFiPZAEIb","baseKeyType":1,"closed":-1,"used":1729065266464,"created":1729005315717,"remoteIdentityKey":"BYCEDIfY36vLI9/z9ZD/vLMH8gcr30YoHrh8/ldtmdg5"},"_chains":{"BRn/J4wrV1Otqm9ldEvNpyYv4Uw8cRFF/kL/bcfhRwog":{"chainKey":{"counter":0,"key":"JVlprrR8W2pPwels7bhxzhJFJApj0YdzDX+PC4mCbO4="},"chainType":2,"messageKeys":{}},"BQkPeVNSV4c0WR8osF0R15V2zYf+ZS0DPLcCGbFHYDwL":{"chainKey":{"counter":-1,"key":"IvI+DvvLC9Vf7pWZCorinsG0LJX7EjLwTujM9YUqHW4="},"chainType":1,"messageKeys":{}}}}},"version":"v1"}