{"_sessions":{"BX7C2XTVai//lr+D2Moz+gqP/2swwrV8SPnkOzqdso90":{"registrationId":1309286875,"currentRatchet":{"ephemeralKeyPair":{"pubKey":"BShIyizOhItKeOUbYfNacOBzpvLG4wQFZWI3rzNS+GIi","privKey":"mA+Svei7aNOsH/Tj/ZrhH+v79L77QUTPdhLVuoF7H1I="},"lastRemoteEphemeralKey":"BZLvVxU9zxvKIZmvLniXsXctlsBHCVXjCf1+NRE7m0I2","previousCounter":0,"rootKey":"wHqFBBTrJ6l3lXpdDwJspz6JvOdX5RlxnBagmj3/woQ="},"indexInfo":{"baseKey":"BX7C2XTVai//lr+D2Moz+gqP/2swwrV8SPnkOzqdso90","baseKeyType":2,"closed":-1,"used":1729065263722,"created":1729065263722,"remoteIdentityKey":"BTf/JXkZApf4HE7yf2e1klzeHppXA90rFDo9IY9IN+cd"},"_chains":{"BZLvVxU9zxvKIZmvLniXsXctlsBHCVXjCf1+NRE7m0I2":{"chainKey":{"counter":0,"key":"beI8U34jW0Wa5WpajJyjbAXJZfb4KoEx+0tKj+9JITI="},"chainType":2,"messageKeys":{}},"BShIyizOhItKeOUbYfNacOBzpvLG4wQFZWI3rzNS+GIi":{"chainKey":{"counter":-1,"key":"8MlH2Fx2QY+mjffX8Y0C1eQBhmtMo+yVGOhBW3KLK7k="},"chainType":1,"messageKeys":{}}}}},"version":"v1"}