{"_sessions":{"BQGY6pS6U0Sq+B+v2igiR8/YErcq0/xocLLcT5tonM1A":{"registrationId":1505712901,"currentRatchet":{"ephemeralKeyPair":{"pubKey":"BcjbZYkAtN+XnKAlGXX6A/qdH7ERtQq+YgjQeHb7H+AW","privKey":"MAVsXd/N8JOhixRnap/BkmdF+mOWR/iNwAOwSRj6znY="},"lastRemoteEphemeralKey":"BYdk1u+4NHXzKTaUr3wUKKPjAhWFgDkPBsNYm3GohIxN","previousCounter":0,"rootKey":"6sxO3I7yjrOXd0vKzpPnM2F4QzxzDNsCSwBqjQnHagw="},"indexInfo":{"baseKey":"BQGY6pS6U0Sq+B+v2igiR8/YErcq0/xocLLcT5tonM1A","baseKeyType":1,"closed":-1,"used":1729004967762,"created":1729004967762,"remoteIdentityKey":"BUH3vL8QgV/vjLU5xCTHx0rjQsbOAqbP9SzE+ZiLSXJG"},"_chains":{"BcjbZYkAtN+XnKAlGXX6A/qdH7ERtQq+YgjQeHb7H+AW":{"chainKey":{"counter":0,"key":"joeKzYlVWnZ9BtxSB6DZVgjykqykfdbtlkDXgkUHrB8="},"chainType":1,"messageKeys":{}}},"pendingPreKey":{"signedKeyId":0,"baseKey":"BQGY6pS6U0Sq+B+v2igiR8/YErcq0/xocLLcT5tonM1A","preKeyId":6476355}}},"version":"v1"}