{"_sessions":{"BcyqsH3dY5VB97dQWnfnsY6Bh4YmXDBbJy9jpq66JDVZ":{"registrationId":858980880,"currentRatchet":{"ephemeralKeyPair":{"pubKey":"BcebZT8cSuypshr27uH3zFPsMZzP7Rky2YIR7KLYTz08","privKey":"sEefU7EVt2Cys7ynqSI0Jhic+sjzEDRFkUGnNWYX2UU="},"lastRemoteEphemeralKey":"BRSEwAoLEI/UnyVeWlqHzp6zZzthazq5p/jIwFK5k+ZI","previousCounter":0,"rootKey":"1iOdWiG9d+KVBKehHq+M6REVj7K6ZF4ZICmOzWbG9Hs="},"indexInfo":{"baseKey":"BcyqsH3dY5VB97dQWnfnsY6Bh4YmXDBbJy9jpq66JDVZ","baseKeyType":1,"closed":-1,"used":1729004967798,"created":1729004967798,"remoteIdentityKey":"BZcA3CwSJWELI5Ku5ZWfAZDQwXDnrirVigAW+ltWKqRS"},"_chains":{"BcebZT8cSuypshr27uH3zFPsMZzP7Rky2YIR7KLYTz08":{"chainKey":{"counter":0,"key":"VKBsmEo+hpHYEEoNLk7PaG8eIBemZ2uXyKAv1B7AiXg="},"chainType":1,"messageKeys":{}}},"pendingPreKey":{"signedKeyId":3,"baseKey":"BcyqsH3dY5VB97dQWnfnsY6Bh4YmXDBbJy9jpq66JDVZ","preKeyId":9819892}}},"version":"v1"}