{"_sessions":{"Bd1Eil0hMGA3ej4WP90OfPM/fJesv2KAEbeqeaH3+axI":{"registrationId":1582358462,"currentRatchet":{"ephemeralKeyPair":{"pubKey":"BSqCShsXlxLihecWl078VMbbvqPdAVFyMgu4aFRcOjZZ","privKey":"mMilsUfq1VNoqhwFOJsl7hxsOeUS0AVqAEYyRFBpsV8="},"lastRemoteEphemeralKey":"BdQW9dTTWqOoN0DbUDSqpPJeKdAvMWVbvtW5ud5BYBt+","previousCounter":0,"rootKey":"edVqiw4os7QRFp8AJaUNFJUSgcuGQFuSBhac9ymsG5s="},"indexInfo":{"baseKey":"Bd1Eil0hMGA3ej4WP90OfPM/fJesv2KAEbeqeaH3+axI","baseKeyType":1,"closed":-1,"used":1729004967807,"created":1729004967807,"remoteIdentityKey":"Bf6/i3n5ma2vR9RztSG5GbHLMDkPyXDbyW7p9Im1x2hF"},"_chains":{"BSqCShsXlxLihecWl078VMbbvqPdAVFyMgu4aFRcOjZZ":{"chainKey":{"counter":0,"key":"DPaUaxjBlk9ZbzXcYaA4S7stY8ayb7/fTk3pkv1xxgM="},"chainType":1,"messageKeys":{}}},"pendingPreKey":{"signedKeyId":1,"baseKey":"Bd1Eil0hMGA3ej4WP90OfPM/fJesv2KAEbeqeaH3+axI","preKeyId":13395848}}},"version":"v1"}