{"_sessions":{"BYUv3GEuCHENYCLzVJdt4rNQfILqAlG+x9xyNHc26p53":{"registrationId":10874502,"currentRatchet":{"ephemeralKeyPair":{"pubKey":"BYol2DVsBACX6NNAMw8qBKAgnvSNM6EDwFYKC6wEfm93","privKey":"gEyhVl3RFo6FOg9XxOxczTb6+DNidjLFV0HYuC/EYGY="},"lastRemoteEphemeralKey":"BanTO9LtwppPFYPPa2Uwd9QoM+pZPrti2RLea8n8FBcP","previousCounter":0,"rootKey":"GshT1gGQCV2IWfsAyvhW49ekPyupLJVbsjDLOt/930g="},"indexInfo":{"baseKey":"BYUv3GEuCHENYCLzVJdt4rNQfILqAlG+x9xyNHc26p53","baseKeyType":1,"closed":-1,"used":1729004967772,"created":1729004967772,"remoteIdentityKey":"BXHzBoaRmp90s5r8eOHBv0/uT90zCq3ySzSYOlin1Al3"},"_chains":{"BYol2DVsBACX6NNAMw8qBKAgnvSNM6EDwFYKC6wEfm93":{"chainKey":{"counter":0,"key":"Z7/On7Y7tswzk6D/Rnn3JX1Ynj/zc54q8Z1jdsV2iqs="},"chainType":1,"messageKeys":{}}},"pendingPreKey":{"signedKeyId":1,"baseKey":"BYUv3GEuCHENYCLzVJdt4rNQfILqAlG+x9xyNHc26p53","preKeyId":16665174}}},"version":"v1"}