{"_sessions":{"BV/2lw4tDFdRHrTBTG2F+m/mmCYTiHwtpCVjOxqdymse":{"registrationId":685054036,"currentRatchet":{"ephemeralKeyPair":{"pubKey":"BT5s9jh0s+KLJNTXbja0HbQkIModLeB6BqG9LChz9JQy","privKey":"aPpL9ADiP32zM+ggp88snM2AQdsnyKUdyEevBpPt21E="},"lastRemoteEphemeralKey":"BUbXwGRs7Pi6vSjkGeL82eeQxDWa6VXeQdgyJ2BPtW1C","previousCounter":0,"rootKey":"p3vnc2jIZVuFTN8/WgR1D76PgE30sdwR1mMGxuT2KZM="},"indexInfo":{"baseKey":"BV/2lw4tDFdRHrTBTG2F+m/mmCYTiHwtpCVjOxqdymse","baseKeyType":1,"closed":-1,"used":1729065242989,"created":1729005315708,"remoteIdentityKey":"BfmY1NxI1cLWTnb8ue/JHhpFslobdjXnlgBm5YLfxK4U"},"_chains":{"BUbXwGRs7Pi6vSjkGeL82eeQxDWa6VXeQdgyJ2BPtW1C":{"chainKey":{"counter":0,"key":"p/+/WBFm/wxyzsWZOnGNqWp7kzp3WuTHskQBtCKfFD4="},"chainType":2,"messageKeys":{}},"BT5s9jh0s+KLJNTXbja0HbQkIModLeB6BqG9LChz9JQy":{"chainKey":{"counter":-1,"key":"uu86R2I38holzBFOOJKTzFQwhvd40suY4u6Xx2GtT3Y="},"chainType":1,"messageKeys":{}}}}},"version":"v1"}