{"_sessions":{"BXbtmknZsMqRT2jg4lhTVCmuYFqTOlYwBMNi7BukY3Ea":{"registrationId":2057668080,"currentRatchet":{"ephemeralKeyPair":{"pubKey":"BTEsB60EPZ6dw3ZN5tnsmCdAe6uEMWQJ/msWLq8FLI1p","privKey":"yAtHgFSviDGTFKUq80UdGBB5j513QQJVmOpgJP/cp3Y="},"lastRemoteEphemeralKey":"BYJpX+oznLhyVyIEEvZ1+WwXov0Y1zqEkio4Iwc3Vk5k","previousCounter":0,"rootKey":"XVcNPcIw5F/NQJxg5K7M9Ju8OzlBqjGQd0PdWbNawD0="},"indexInfo":{"baseKey":"BXbtmknZsMqRT2jg4lhTVCmuYFqTOlYwBMNi7BukY3Ea","baseKeyType":1,"closed":-1,"used":1729004967734,"created":1729004967734,"remoteIdentityKey":"BZYhhuM+Uqn+3FoaMd8Lwre+PanSM+RSHLMVg9LY5gA3"},"_chains":{"BTEsB60EPZ6dw3ZN5tnsmCdAe6uEMWQJ/msWLq8FLI1p":{"chainKey":{"counter":0,"key":"VTAC7SRUrxrlSBOfCV5ZJOEaAXgV4LbREqTVinpZfn4="},"chainType":1,"messageKeys":{}}},"pendingPreKey":{"signedKeyId":0,"baseKey":"BXbtmknZsMqRT2jg4lhTVCmuYFqTOlYwBMNi7BukY3Ea"}}},"version":"v1"}