{"_sessions":{"BQpI1MvD0tEE75gFrHEw6au24HM5K0M3qIHBiFo+jhgT":{"registrationId":1014954284,"currentRatchet":{"ephemeralKeyPair":{"pubKey":"BR60mdNvgFjCeh9NV0RUrm88umoNV3x37tNjRNSEpsAw","privKey":"WM4mI3Bomr/NBTSikl3lkQwbEWbloa6PgSmsRtuGHl0="},"lastRemoteEphemeralKey":"BRqwGasy7IRnzsIGLTKYekMsQP6wywnJmj3bFAi8y6hN","previousCounter":0,"rootKey":"fpcr9NEiDF/FkXfatGXDlCrM80Sy8j4amOehgrBcVNM="},"indexInfo":{"baseKey":"BQpI1MvD0tEE75gFrHEw6au24HM5K0M3qIHBiFo+jhgT","baseKeyType":1,"closed":-1,"used":1729004967834,"created":1729004967834,"remoteIdentityKey":"BdWR8xEZc0yI6Sy2yP/BcTC7ynEiP2C0o6tvXWqheV9F"},"_chains":{"BR60mdNvgFjCeh9NV0RUrm88umoNV3x37tNjRNSEpsAw":{"chainKey":{"counter":0,"key":"2UiVGvEkqi5MS5EAf6Qt919bW2JLxU7uBCkWUZA0eQo="},"chainType":1,"messageKeys":{}}},"pendingPreKey":{"signedKeyId":9,"baseKey":"BQpI1MvD0tEE75gFrHEw6au24HM5K0M3qIHBiFo+jhgT","preKeyId":4778565}}},"version":"v1"}