{"_sessions":{"BbwMVbZGMUhjAZBu6utergrNxNLQZ3luXS4iXFGj+pFD":{"registrationId":1101902410,"currentRatchet":{"ephemeralKeyPair":{"pubKey":"BdDSNX6MIrcwjtUs6kO9Mu2MacNDbeRACV40naYe/4gy","privKey":"2ORQsY8Nr9TssLwykYp1NaBD4yO3eWiASOLD0xrH8Go="},"lastRemoteEphemeralKey":"BS/3dXARQ/irZm32dBbeeWi1qrzs4nPplkv8kvpc8c1L","previousCounter":0,"rootKey":"F6wDoV6J+lsIqcZorJgrwwr9FdvD150FoMjfaQXCF5A="},"indexInfo":{"baseKey":"BbwMVbZGMUhjAZBu6utergrNxNLQZ3luXS4iXFGj+pFD","baseKeyType":2,"closed":-1,"used":1729004472792,"created":1729004472792,"remoteIdentityKey":"BcpN8V9nwmcK4Ypfa54ZxBrBLWxiiz1I8VOF0Z5wID4Y"},"_chains":{"BS/3dXARQ/irZm32dBbeeWi1qrzs4nPplkv8kvpc8c1L":{"chainKey":{"counter":0,"key":"juwd7Kvsv1reyg2PkcdWJbuTchdQvp8Y8+DjFbR4CXg="},"chainType":2,"messageKeys":{}},"BdDSNX6MIrcwjtUs6kO9Mu2MacNDbeRACV40naYe/4gy":{"chainKey":{"counter":-1,"key":"FqEOvfoxFkrOl+hEHyCBiI4Mm/xettfdRi6xcVvyk3U="},"chainType":1,"messageKeys":{}}}}},"version":"v1"}