{"_sessions":{"BUtgOaJc/hS6wZ9CLQ7qdQ/kO+NqwVjJGn6K6cZCJzsa":{"registrationId":2758,"currentRatchet":{"ephemeralKeyPair":{"pubKey":"BU1WodeimKm9aFrlszxSHADwKGeBjYTnzvcMMNHV6JQp","privKey":"kIc82fUtM4GhoNzXIlH6dBajWO4noHVqZcwa0PzvXns="},"lastRemoteEphemeralKey":"BYbCGt9QzuFnSZessMv+jeHvM0LM4r+cDShyLQHBZ4Mq","previousCounter":0,"rootKey":"LD3cUG3NdhlKctgwPCkKESP3LEb3iAqzQTVHtBWaAE0="},"indexInfo":{"baseKey":"BUtgOaJc/hS6wZ9CLQ7qdQ/kO+NqwVjJGn6K6cZCJzsa","baseKeyType":1,"closed":1729006355022,"used":1729006287150,"created":1729006287150,"remoteIdentityKey":"BdoRpLbFP8a4jAtAI2mnbeVg2pjJ51PE2Ly6BmYCVTcZ"},"_chains":{"BU1WodeimKm9aFrlszxSHADwKGeBjYTnzvcMMNHV6JQp":{"chainKey":{"counter":0,"key":"gqX5pb5AFTNNfa1OmxTfbxHHEyQ0v32QIRoIvHoKKYg="},"chainType":1,"messageKeys":{}}},"pendingPreKey":{"signedKeyId":1,"baseKey":"BUtgOaJc/hS6wZ9CLQ7qdQ/kO+NqwVjJGn6K6cZCJzsa","preKeyId":20}},"Bfa5bnNrW5UOEB0zU5lUBUYewZJ2ZyBTEQejLJ4AgXVK":{"registrationId":2758,"currentRatchet":{"ephemeralKeyPair":{"pubKey":"BUqZK98Y4G+wwYscyTmd+DZ6nTNZ5IJhfgCp9vmYOmgO","privKey":"gCMlXO22TuZbXSGpVMwm5u48K+e2esL78t1LepYkw1I="},"lastRemoteEphemeralKey":"BYbCGt9QzuFnSZessMv+jeHvM0LM4r+cDShyLQHBZ4Mq","previousCounter":0,"rootKey":"YxPZZp0GWN01CX625bOxHlBVygrM5EBWz010fxksSp0="},"indexInfo":{"baseKey":"Bfa5bnNrW5UOEB0zU5lUBUYewZJ2ZyBTEQejLJ4AgXVK","baseKeyType":1,"closed":1729006364649,"used":1729006355020,"created":1729006355020,"remoteIdentityKey":"BdoRpLbFP8a4jAtAI2mnbeVg2pjJ51PE2Ly6BmYCVTcZ"},"_chains":{"BUqZK98Y4G+wwYscyTmd+DZ6nTNZ5IJhfgCp9vmYOmgO":{"chainKey":{"counter":0,"key":"bwT3WW1Fyq74y+kv3OZdRYbjyP98yhOJtL/XxprVUHI="},"chainType":1,"messageKeys":{}}},"pendingPreKey":{"signedKeyId":1,"baseKey":"Bfa5bnNrW5UOEB0zU5lUBUYewZJ2ZyBTEQejLJ4AgXVK","preKeyId":70}},"BWVta39nU/x/OpB1J7Q5NKNpC7E0Nxn1+FS1RviXXdUJ":{"registrationId":2758,"currentRatchet":{"ephemeralKeyPair":{"pubKey":"BQiGREitufmWBZxkitgmYU26wJwSmP+pKogDKlErqbtc","privKey":"eK4LAyrqpQttammTFLnUSobV++HpSHQXnBeHfTv2KXc="},"lastRemoteEphemeralKey":"BSnq4T1iiud4UrqvHYn8TvPN9kc1fmXnfRmpVVlYZmFL","previousCounter":0,"rootKey":"VqafLsGncQdImNBkE2L84h6OBsSackt+CGC/y4CaM88="},"indexInfo":{"baseKey":"BWVta39nU/x/OpB1J7Q5NKNpC7E0Nxn1+FS1RviXXdUJ","baseKeyType":2,"closed":1729007828937,"used":1729006364652,"created":1729006364652,"remoteIdentityKey":"BdoRpLbFP8a4jAtAI2mnbeVg2pjJ51PE2Ly6BmYCVTcZ"},"_chains":{"BSnq4T1iiud4UrqvHYn8TvPN9kc1fmXnfRmpVVlYZmFL":{"chainKey":{"counter":0,"key":"BZ0YOuoNWkhMhPbh+5wxKFdt21jRL6N9f/dYwjG65Ws="},"chainType":2,"messageKeys":{}},"BQiGREitufmWBZxkitgmYU26wJwSmP+pKogDKlErqbtc":{"chainKey":{"counter":-1,"key":"eJgTWfxM22Y7vnPII2XuxPszpL90BuplDVeVTJBRlDo="},"chainType":1,"messageKeys":{}}}},"BVxqYrtV9z56vAwcF9iXB6bd+nidmJdVFRXcQ1XQrFpX":{"registrationId":2758,"currentRatchet":{"ephemeralKeyPair":{"pubKey":"BfbRDoPZMFhPQApiijKGowCmHsJtmJOgxuOhkzU3fiBW","privKey":"ENKJ79hoQ1OYW6ZeVi3YfOkEQ3A6dEZmtgNBDuuuJU0="},"lastRemoteEphemeralKey":"BYbCGt9QzuFnSZessMv+jeHvM0LM4r+cDShyLQHBZ4Mq","previousCounter":0,"rootKey":"KBR6wIONjA7mlbrLZRapYsqLhaY3QVI8a+LO8600dpA="},"indexInfo":{"baseKey":"BVxqYrtV9z56vAwcF9iXB6bd+nidmJdVFRXcQ1XQrFpX","baseKeyType":1,"closed":1729007836732,"used":1729007828925,"created":1729007828925,"remoteIdentityKey":"BdoRpLbFP8a4jAtAI2mnbeVg2pjJ51PE2Ly6BmYCVTcZ"},"_chains":{"BfbRDoPZMFhPQApiijKGowCmHsJtmJOgxuOhkzU3fiBW":{"chainKey":{"counter":-1,"key":"vJ/7H6aeOkMxjXiyJoO33w2x8VXHdoL7PPPfuR02AKI="},"chainType":1,"messageKeys":{}}},"pendingPreKey":{"signedKeyId":1,"baseKey":"BVxqYrtV9z56vAwcF9iXB6bd+nidmJdVFRXcQ1XQrFpX","preKeyId":105}},"BSWJ1XuJNyTx+QNsWp5SFFgw+aGCT7ABZj5Z7mfPjb5G":{"registrationId":2758,"currentRatchet":{"ephemeralKeyPair":{"pubKey":"BUtvPiOJrWM+D0dOsjE3x7xWXDQkTF1NUJQgfQF0osJs","privKey":"SCc9a3noIvFoJzSfyWIYK9xMBDtwY6FjIFvA2skBAk0="},"lastRemoteEphemeralKey":"BYbCGt9QzuFnSZessMv+jeHvM0LM4r+cDShyLQHBZ4Mq","previousCounter":0,"rootKey":"OhZ+HWVPpLpmnqF0Bqhof8QBydMKuhz3i1niw9BCP5A="},"indexInfo":{"baseKey":"BSWJ1XuJNyTx+QNsWp5SFFgw+aGCT7ABZj5Z7mfPjb5G","baseKeyType":1,"closed":1729007839436,"used":1729007836730,"created":1729007836730,"remoteIdentityKey":"BdoRpLbFP8a4jAtAI2mnbeVg2pjJ51PE2Ly6BmYCVTcZ"},"_chains":{"BUtvPiOJrWM+D0dOsjE3x7xWXDQkTF1NUJQgfQF0osJs":{"chainKey":{"counter":-1,"key":"CYe33VUEg2R6p+5pdLNv8O+APXBAw8oKoGmjHX5trlg="},"chainType":1,"messageKeys":{}}},"pendingPreKey":{"signedKeyId":1,"baseKey":"BSWJ1XuJNyTx+QNsWp5SFFgw+aGCT7ABZj5Z7mfPjb5G","preKeyId":110}},"BcXQ3q6Zh5UTliWN54OfvY04qCiEPvPrhxWU4f4RO+lf":{"registrationId":2758,"currentRatchet":{"ephemeralKeyPair":{"pubKey":"BZ/nC6cv23XeKXgaubNJZk1AbDmJJI9fXwoaGZWcB5J6","privKey":"8N57HlLh7WS/YOBe7RisSld1UnEWN5NH/OK8dgQeNm0="},"lastRemoteEphemeralKey":"BYbCGt9QzuFnSZessMv+jeHvM0LM4r+cDShyLQHBZ4Mq","previousCounter":0,"rootKey":"UitXD+EaLR+K4Jrs9wgQHkbXMhXoCe6stdAQOhtvQgo="},"indexInfo":{"baseKey":"BcXQ3q6Zh5UTliWN54OfvY04qCiEPvPrhxWU4f4RO+lf","baseKeyType":1,"closed":-1,"used":1729007839434,"created":1729007839434,"remoteIdentityKey":"BdoRpLbFP8a4jAtAI2mnbeVg2pjJ51PE2Ly6BmYCVTcZ"},"_chains":{"BZ/nC6cv23XeKXgaubNJZk1AbDmJJI9fXwoaGZWcB5J6":{"chainKey":{"counter":1,"key":"bIrH0jdRE7iVZxVbSOn+LDdzonQFp4vj/F8WJU37vWI="},"chainType":1,"messageKeys":{}}},"pendingPreKey":{"signedKeyId":1,"baseKey":"BcXQ3q6Zh5UTliWN54OfvY04qCiEPvPrhxWU4f4RO+lf","preKeyId":139}}},"version":"v1"}