{"_sessions":{"BUuEDJ1/ot1B+7GwAX7ZAU3Egq3E4HgnWjvSpWkI77dT":{"registrationId":1796098157,"currentRatchet":{"ephemeralKeyPair":{"pubKey":"BcQlK/NvGEHFS4F1/26l6NMpRJYxILkgeJtkJ4K+QXI3","privKey":"4HjRaJ0iB2yQiMP4u+0tCuMM9VcWP9OZTq1ffG/wiWI="},"lastRemoteEphemeralKey":"BZ06wpheWcU+AmkEp6Oj8kMYtYDcyrntmFnLYJV3Fehx","previousCounter":0,"rootKey":"QjhEsAPHewWOFrM4pB2WfzWw5bWoiuXXulbIXelON0o="},"indexInfo":{"baseKey":"BUuEDJ1/ot1B+7GwAX7ZAU3Egq3E4HgnWjvSpWkI77dT","baseKeyType":1,"closed":-1,"used":1729065267805,"created":1729005315727,"remoteIdentityKey":"BaR5lrhxOA5YXp4DuRPlFM9exhTmWc238nm/WQvsoFUH"},"_chains":{"BZ06wpheWcU+AmkEp6Oj8kMYtYDcyrntmFnLYJV3Fehx":{"chainKey":{"counter":1,"key":"9u2sXiTkVIf/Enzm9dTKiZM+d8xfK13L7VCFhqnpLqQ="},"chainType":2,"messageKeys":{}},"BcQlK/NvGEHFS4F1/26l6NMpRJYxILkgeJtkJ4K+QXI3":{"chainKey":{"counter":-1,"key":"qXeqqTfCnKkpRX6bPr/4HbIw1Yec7cqmkzr2sZ2bIZI="},"chainType":1,"messageKeys":{}}}}},"version":"v1"}