{"_sessions":{"BV8POZm51m1YFr16CKNVXI/J6/jgTevWqFc9Q4mfo7dM":{"registrationId":89633069,"currentRatchet":{"ephemeralKeyPair":{"pubKey":"BZr56gdSUqzn850wFlu7g1JdzpUlYRGnACboh5fkEswJ","privKey":"EJCV3YUXE19IJn8kXMhu3Agum3zcKHkhZPDdL9t1S0k="},"lastRemoteEphemeralKey":"BVM5QthHmKHdKx13esmHzZOC6UEY0j7C6MtA/Cw8/BRf","previousCounter":0,"rootKey":"aYovbXt2VL78VlWU5tMS+aU3IcxS7H5ZofN78BTWees="},"indexInfo":{"baseKey":"BV8POZm51m1YFr16CKNVXI/J6/jgTevWqFc9Q4mfo7dM","baseKeyType":1,"closed":-1,"used":1729065266054,"created":1729005315719,"remoteIdentityKey":"BeRXhi0YdIO4u1BS/FbfM0oMAV9LgL8IVY+pJAUK5fsn"},"_chains":{"BVM5QthHmKHdKx13esmHzZOC6UEY0j7C6MtA/Cw8/BRf":{"chainKey":{"counter":1,"key":"4qgomWYtQ6j2SG8QsfQQGjQocYsitCpUe43RMsYRv4M="},"chainType":2,"messageKeys":{}},"BZr56gdSUqzn850wFlu7g1JdzpUlYRGnACboh5fkEswJ":{"chainKey":{"counter":-1,"key":"lMSvBSF8WJ9TABF0m7T/nl7HZb2wANh7WFdkwVo7fi4="},"chainType":1,"messageKeys":{}}}}},"version":"v1"}