{"_sessions":{"BZXkMqyA9IL1ShvVYlzeIHMhWDoJAzodbWf2sntFN/N9":{"registrationId":294306480,"currentRatchet":{"ephemeralKeyPair":{"pubKey":"Be4HlFxT3VwNc2FbRZaKO3Eji/mIpN6iQKV8wWLs00JA","privKey":"oIg1jPfi5TG3ONyq58wKoTWwS2q1wMQylagf7boEEWU="},"lastRemoteEphemeralKey":"BWe/dC+8VfZdVkIrh6Ypm8vRVHqKg4xJvgqI+eIVVbAm","previousCounter":0,"rootKey":"O9CBu6Xb5Rk55f94ojHLD0OPgdz0vTsvi+rSAklTZRg="},"indexInfo":{"baseKey":"BZXkMqyA9IL1ShvVYlzeIHMhWDoJAzodbWf2sntFN/N9","baseKeyType":1,"closed":-1,"used":1729004967788,"created":1729004967788,"remoteIdentityKey":"BaZMrs8gAXS0l5GBewKA7aGaRza5LZ6pFDX+NcRStm0H"},"_chains":{"Be4HlFxT3VwNc2FbRZaKO3Eji/mIpN6iQKV8wWLs00JA":{"chainKey":{"counter":0,"key":"8BmvNZV92ePHVpyqsJRv3uNPwdsyN+Ybquky/n1VRWE="},"chainType":1,"messageKeys":{}}},"pendingPreKey":{"signedKeyId":1,"baseKey":"BZXkMqyA9IL1ShvVYlzeIHMhWDoJAzodbWf2sntFN/N9","preKeyId":14461434}}},"version":"v1"}