{"_sessions":{"BcJ4G4nUmcBDownFjc5HFK/KaLvZKy4NgD7Nvf2yLp8g":{"registrationId":892776962,"currentRatchet":{"ephemeralKeyPair":{"pubKey":"BXpAP0sewU+P7X1Ks2dR7dKAIl/1dZEmA/ge4w+XuQFY","privKey":"0EdmeW/xlfdXE7TpD+/zX/EnFAKUSTMNjutwFSp2o0A="},"lastRemoteEphemeralKey":"BUOQz/W9huQudlCeqrLzYQN6CsHQy9KtWevQApp+4sVJ","previousCounter":0,"rootKey":"d4wdnCVzyndzRLDmHqD+J6zPgF0Eha4Qk1r4/2Ao6LU="},"indexInfo":{"baseKey":"BcJ4G4nUmcBDownFjc5HFK/KaLvZKy4NgD7Nvf2yLp8g","baseKeyType":2,"closed":-1,"used":1729065262754,"created":1729065262754,"remoteIdentityKey":"Bbrp7rTNSiH6LLmSALzJmDWfw8EmgKd0GzklzmO4Ryta"},"_chains":{"BUOQz/W9huQudlCeqrLzYQN6CsHQy9KtWevQApp+4sVJ":{"chainKey":{"counter":0,"key":"Ds/AzqA0uiVnPhxZNEfyRgA+Ua6jhovx1C0PBQ+37FA="},"chainType":2,"messageKeys":{}},"BXpAP0sewU+P7X1Ks2dR7dKAIl/1dZEmA/ge4w+XuQFY":{"chainKey":{"counter":-1,"key":"ZMUfhCqjn7W/5sKDgm6WbdbJ+XGZ0RvpHYVF13W12iU="},"chainType":1,"messageKeys":{}}}}},"version":"v1"}