{"_sessions":{"BTTwOKJbTBXL6fbdLJCa5cea6DzkT2C6FDhT0g0baRsB":{"registrationId":958566986,"currentRatchet":{"ephemeralKeyPair":{"pubKey":"BVvs/fIaAmdt3y5l4VWGv+O1n0VECarGRHmCnsfpDYd3","privKey":"wCHZiCUjkqht77SE/BoLqoH6mym7UuA5ITsn1z5lIkQ="},"lastRemoteEphemeralKey":"BS/YOYr8rLfZ6bJQOQF7rIAGjokXsfMGRmHf5huDHABX","previousCounter":0,"rootKey":"0EoUenN43urog1Q6NlLGEnEq0oLZmZnJUVcS1uLoAoo="},"indexInfo":{"baseKey":"BTTwOKJbTBXL6fbdLJCa5cea6DzkT2C6FDhT0g0baRsB","baseKeyType":1,"closed":-1,"used":1729004967793,"created":1729004967793,"remoteIdentityKey":"BYM2sRKDNHLv5jxWcVdBKMownAuw5ifFVjwT9nIqyJF9"},"_chains":{"BVvs/fIaAmdt3y5l4VWGv+O1n0VECarGRHmCnsfpDYd3":{"chainKey":{"counter":0,"key":"W/PlnHHLCM2MZgh96vttiSjCBzof6DWIw1BBIffzMaY="},"chainType":1,"messageKeys":{}}},"pendingPreKey":{"signedKeyId":1,"baseKey":"BTTwOKJbTBXL6fbdLJCa5cea6DzkT2C6FDhT0g0baRsB","preKeyId":8685679}}},"version":"v1"}