{"_sessions":{"BZEzXt/Wk9okQyyzQcJZCf1HtoTiy4xLI2Qw6hQq+AEn":{"registrationId":1994718740,"currentRatchet":{"ephemeralKeyPair":{"pubKey":"BVbL5Zy5ESh6YPnFTFKbet9CSs3X7HQFxmhElcmvi2Jo","privKey":"+GvWae5jDB86YNqH09G4Ty/QIgkqqQYq5S0X8hMNg10="},"lastRemoteEphemeralKey":"BWs5c1PbnupZ26gqqBOgAi6YujPHvw3EV66Pk4OMGelk","previousCounter":0,"rootKey":"ZBH/bo6eIQtnjXacyKtkCNo1kDZWFnvZB4ZGuDxSlhA="},"indexInfo":{"baseKey":"BZEzXt/Wk9okQyyzQcJZCf1HtoTiy4xLI2Qw6hQq+AEn","baseKeyType":1,"closed":-1,"used":1729004967783,"created":1729004967783,"remoteIdentityKey":"BaHNSrzwpPNzHLRehk8bWtfabZzl3wdxQNHGsqL63Vko"},"_chains":{"BVbL5Zy5ESh6YPnFTFKbet9CSs3X7HQFxmhElcmvi2Jo":{"chainKey":{"counter":0,"key":"QRIGaTPLSz54IdC1DeaonYwuJwbT8dhefycZGXX3HT0="},"chainType":1,"messageKeys":{}}},"pendingPreKey":{"signedKeyId":2,"baseKey":"BZEzXt/Wk9okQyyzQcJZCf1HtoTiy4xLI2Qw6hQq+AEn","preKeyId":14427356}}},"version":"v1"}