{"_sessions":{"BUUzsvPSkMaAZ2BKP30KlGZ0hp0eQaNM3Nsw3QxsJqRr":{"registrationId":1797869562,"currentRatchet":{"ephemeralKeyPair":{"pubKey":"BadYqKmZpu1M3JVT/fmS6wiCxEbySZNGzKo709dRFMJb","privKey":"wM/dbAJM+Rg7vS1MbI1zcIwR2puoHOjmdrzXVXh+Hls="},"lastRemoteEphemeralKey":"BThnrbfkHJDfEv0XdOqOoR0l08raVHrqrfxwENg1Ok8V","previousCounter":0,"rootKey":"DKdbto3vbLIBphwT+bkyXrZzgzOr6eA2s/reg10m1lc="},"indexInfo":{"baseKey":"BUUzsvPSkMaAZ2BKP30KlGZ0hp0eQaNM3Nsw3QxsJqRr","baseKeyType":1,"closed":-1,"used":1729004967758,"created":1729004967758,"remoteIdentityKey":"BS4rRprGoWl/U5qIv4KpdidER0Y5zCvREwTBK52ET30j"},"_chains":{"BadYqKmZpu1M3JVT/fmS6wiCxEbySZNGzKo709dRFMJb":{"chainKey":{"counter":0,"key":"/eXGLqLy3FD7P3L3qwEIhjPRW+gVZ9BnWREP0rqMb2c="},"chainType":1,"messageKeys":{}}},"pendingPreKey":{"signedKeyId":16,"baseKey":"BUUzsvPSkMaAZ2BKP30KlGZ0hp0eQaNM3Nsw3QxsJqRr","preKeyId":3229581}}},"version":"v1"}