{"_sessions":{"BS2HE8nVVUUDSxubSav+MSroo4F1sOpxP4/QxHu5eqBA":{"registrationId":1240581328,"currentRatchet":{"ephemeralKeyPair":{"pubKey":"BTXk9FVvt9hfLVFPqfVmH6MzeLOsEZDgBjcoF7tYLfh7","privKey":"QNXI/DOgwIEksnhKCrOUH6ruIzXj8Jpd6iK8Srf1al0="},"lastRemoteEphemeralKey":"BauQ4pF2B3q0Cf5tNHOKrViFzaie5CIlY9nSOzn9o0Mq","previousCounter":0,"rootKey":"657wOYpQMYP9Wu3dVjx4fuUEZR04D/bvZPh+yrtLkyU="},"indexInfo":{"baseKey":"BS2HE8nVVUUDSxubSav+MSroo4F1sOpxP4/QxHu5eqBA","baseKeyType":1,"closed":-1,"used":1729005392085,"created":1729004967723,"remoteIdentityKey":"Bf/w+wNxyEXFrbMvaAjlsM+1XYMqQkZYKUbpp6V/dMs1"},"_chains":{"BauQ4pF2B3q0Cf5tNHOKrViFzaie5CIlY9nSOzn9o0Mq":{"chainKey":{"counter":0,"key":"apXY/7VJt994vnvzPdzlQHeqr2El/a3xTDcuTkDtu/s="},"chainType":2,"messageKeys":{}},"BTXk9FVvt9hfLVFPqfVmH6MzeLOsEZDgBjcoF7tYLfh7":{"chainKey":{"counter":-1,"key":"GQ7A5J7cbkE3HxNZMC8DtW14dxzdo+zmoY3RLHC0hQM="},"chainType":1,"messageKeys":{}}}}},"version":"v1"}