{"_sessions":{"BbjEf5Ki2gW4RcX+zlY2l5nO/ILNsgJDwvybqgmcnpAq":{"registrationId":1506225567,"currentRatchet":{"ephemeralKeyPair":{"pubKey":"BdevyfJRaTOUWoR0k2T6gnDPlk46qQHimg/SoLnGHKgE","privKey":"0CD3vulU+x0jH2BdZGnEIeZCxPdcviqpWv6O81XL6lc="},"lastRemoteEphemeralKey":"BUPvwkXoT1YaS749qpydDSla9TLSyEvin/gaiReqnYZd","previousCounter":0,"rootKey":"hcehdsQJaZAUPboxK6dqZrCT0/70HI8yQWb/Z4v76GQ="},"indexInfo":{"baseKey":"BbjEf5Ki2gW4RcX+zlY2l5nO/ILNsgJDwvybqgmcnpAq","baseKeyType":1,"closed":-1,"used":1729005315731,"created":1729005315731,"remoteIdentityKey":"BYeitm5JIXpr4kjYphy498c39Z84jCeedEtBOBrZ4B1P"},"_chains":{"BdevyfJRaTOUWoR0k2T6gnDPlk46qQHimg/SoLnGHKgE":{"chainKey":{"counter":0,"key":"1Kxaf3IhALKfSa7vBcyyBh9px6zbEV503ggTE0iq4Yo="},"chainType":1,"messageKeys":{}}},"pendingPreKey":{"signedKeyId":1,"baseKey":"BbjEf5Ki2gW4RcX+zlY2l5nO/ILNsgJDwvybqgmcnpAq","preKeyId":9142919}}},"version":"v1"}