{"_sessions":{"BaCUhx6oo6iZ2JHJNa0COJzhJQBDXT2SNADhG1hh219Q":{"registrationId":195,"currentRatchet":{"ephemeralKeyPair":{"pubKey":"BSYVNKDhZVlHPwvFD58PTDfZ0UM/aNVqstT8UUxeLwI8","privKey":"kHxUW+cZBilaafOwN/+k72+DgrV6sQNXhA8xxe2k6mI="},"lastRemoteEphemeralKey":"BdcIn9of3x2Qk5ZsK0LOLx8Ek0VGvQDbKsCa+A9r+ckV","previousCounter":0,"rootKey":"GMl+BHzLNDypwziZJDzJmU4uS1vSGnhO9LaSiNnqEUE="},"indexInfo":{"baseKey":"BaCUhx6oo6iZ2JHJNa0COJzhJQBDXT2SNADhG1hh219Q","baseKeyType":1,"closed":-1,"used":1729004967709,"created":1729004967709,"remoteIdentityKey":"BYJODjk+eGYZagKfDgSiG9KYr3CIyHsXPuVV+u6nRbgG"},"_chains":{"BSYVNKDhZVlHPwvFD58PTDfZ0UM/aNVqstT8UUxeLwI8":{"chainKey":{"counter":0,"key":"0DPu45YwcDgJ9vuZIoemTTz/Rl8ONjrPkHRwHmU4JKk="},"chainType":1,"messageKeys":{}}},"pendingPreKey":{"signedKeyId":1,"baseKey":"BaCUhx6oo6iZ2JHJNa0COJzhJQBDXT2SNADhG1hh219Q"}}},"version":"v1"}