{"_sessions":{"BYeI+THgEZuFv+j1Pe1Iwiasx/IghOxtdBVPDX5h8vUC":{"registrationId":306541820,"currentRatchet":{"ephemeralKeyPair":{"pubKey":"BeP1tmLnivG2fKNIpUFKduzUAv+ZjmKNbY99Dv7Mn25Q","privKey":"EMlIlOUv10FoD7xUFcjUFlxj3uGyQ4SRES3mrmOipWE="},"lastRemoteEphemeralKey":"BQ02/hO1YyggJYQjj4BpWcJHrN3GcFFK6NTM2pXgNzx5","previousCounter":0,"rootKey":"bzrveL+B9i+PCsbLdJkWyMmFuWZ/Udbq8gw0pEaM9IQ="},"indexInfo":{"baseKey":"BYeI+THgEZuFv+j1Pe1Iwiasx/IghOxtdBVPDX5h8vUC","baseKeyType":1,"closed":-1,"used":1729065254092,"created":1729005315712,"remoteIdentityKey":"BZ/2eH+8pdsmHwzxkbSidWztUV871DIxtcaewBJpXyN5"},"_chains":{"BQ02/hO1YyggJYQjj4BpWcJHrN3GcFFK6NTM2pXgNzx5":{"chainKey":{"counter":0,"key":"JYxpHh6ib32MzOiYSDy+1ovXOl2/Nu0kyOa+jAprtNg="},"chainType":2,"messageKeys":{}},"BeP1tmLnivG2fKNIpUFKduzUAv+ZjmKNbY99Dv7Mn25Q":{"chainKey":{"counter":-1,"key":"fItbMC1D8pXtI7B0aTj/RUrdsEBc7Ya6dKX9r1UVoB4="},"chainType":1,"messageKeys":{}}}}},"version":"v1"}