{"_sessions":{"BfwruC00oGmgzqfq0BBZbVvReEWLy3439Vb5TMisasZ+":{"registrationId":545385849,"currentRatchet":{"ephemeralKeyPair":{"pubKey":"BaF/LvBIbM3beVUQMSO/AGfqS6bU25W5gXm0i8YTzY9V","privKey":"sOoaNlJ/tetAe0HJLHjHNrKXOowSNoZdXHACzD82KWo="},"lastRemoteEphemeralKey":"BQnJ4TfPt03m3uhl077EGWHxIhteMNNm1uXOFD8hx7M0","previousCounter":0,"rootKey":"L3nkGXm4cqThZ0MkMoSKkp3ZHd5+Ug1b+TT5S6Bcaxg="},"indexInfo":{"baseKey":"BfwruC00oGmgzqfq0BBZbVvReEWLy3439Vb5TMisasZ+","baseKeyType":2,"closed":-1,"used":1729065255157,"created":1729065255157,"remoteIdentityKey":"Bd8EMCE3iqtPWLWhA1UbReqUvHV7gbp1Dr3oy1FJ0CNn"},"_chains":{"BQnJ4TfPt03m3uhl077EGWHxIhteMNNm1uXOFD8hx7M0":{"chainKey":{"counter":0,"key":"+uMHP+9V9r15z/RRFZjDMOhT8R6eh1Z9ls3ed2tsV6I="},"chainType":2,"messageKeys":{}},"BaF/LvBIbM3beVUQMSO/AGfqS6bU25W5gXm0i8YTzY9V":{"chainKey":{"counter":-1,"key":"mNPeutsw1p2VKZQNXrg/hevd1OX2bWsiz87sCvwTrsM="},"chainType":1,"messageKeys":{}}}}},"version":"v1"}