{"_sessions":{"BQg/jI1LW0L+RejLn+4d4n8KCQm+uxUtLPJOg/SeyYRf":{"registrationId":1292179460,"currentRatchet":{"ephemeralKeyPair":{"pubKey":"BQ/NZ19H0j6x9fzPq80zDPwBJJHCcahVjI5A6Eva1S5y","privKey":"yHt5okAJNX/X+0CvabgbdDWFApaOk7jiZJFE5GYxrHo="},"lastRemoteEphemeralKey":"Be7BBM2xN5PJGMrTzpW/y1zOkaal3BFVgKEO4MeGFsdi","previousCounter":0,"rootKey":"FPvD+RiD6x/g88iWFD9qDD2BB9RgLFPKYM/O/WD9RNM="},"indexInfo":{"baseKey":"BQg/jI1LW0L+RejLn+4d4n8KCQm+uxUtLPJOg/SeyYRf","baseKeyType":1,"closed":-1,"used":1729065242641,"created":1729005315729,"remoteIdentityKey":"BZAPLL7VqYNAmFkL6dRcH/PR+xzC8821yu2YgzMuuxMy"},"_chains":{"Be7BBM2xN5PJGMrTzpW/y1zOkaal3BFVgKEO4MeGFsdi":{"chainKey":{"counter":0,"key":"4O4L+C8K2ht7+Mg4j2rW4zkiLl+Qy+5yU1woWBLbc6o="},"chainType":2,"messageKeys":{}},"BQ/NZ19H0j6x9fzPq80zDPwBJJHCcahVjI5A6Eva1S5y":{"chainKey":{"counter":-1,"key":"OpGFNciOUqDqtpbSSkSV+sioRrZW0SgqJgvojyC9zHg="},"chainType":1,"messageKeys":{}}}}},"version":"v1"}