{"_sessions":{"BTYwZ/oly5RQwP8Q/Ujg7Dg+iRcuYiw6TZFLaaotTadc":{"registrationId":2078751899,"currentRatchet":{"ephemeralKeyPair":{"pubKey":"BWLJLQYICShH1152Id2EoSMhumFhdz+OrPjECfN4EJpl","privKey":"oM6a+X92M9I0F9VtmVReSEDEmyIabbPPwc6+SX5M90U="},"lastRemoteEphemeralKey":"BR8tLmxYOy3splvnDuuRU53D5IOiiYrvETJEEY4cto8I","previousCounter":0,"rootKey":"dA0OKTLIeUaO0kHfx9Zb/+9TkXsbzLvti+2K8BM0Fzk="},"indexInfo":{"baseKey":"BTYwZ/oly5RQwP8Q/Ujg7Dg+iRcuYiw6TZFLaaotTadc","baseKeyType":1,"closed":-1,"used":1729004967800,"created":1729004967800,"remoteIdentityKey":"Bb5gBMaW6O3Gd87a0GPYD/+7DvAjKlkpk1of3VwIK6lr"},"_chains":{"BWLJLQYICShH1152Id2EoSMhumFhdz+OrPjECfN4EJpl":{"chainKey":{"counter":0,"key":"ubSOXFoXMg5X5yFcxS1c/V3nUYhcVc9rcE3rFPFeY/c="},"chainType":1,"messageKeys":{}}},"pendingPreKey":{"signedKeyId":16,"baseKey":"BTYwZ/oly5RQwP8Q/Ujg7Dg+iRcuYiw6TZFLaaotTadc","preKeyId":8556392}}},"version":"v1"}