{"_sessions":{"BZcANru1w2SISiI7/fuYM9/1/3E2DFcKjh8jQwd42RUA":{"registrationId":2017451817,"currentRatchet":{"ephemeralKeyPair":{"pubKey":"BZ+Rr737x6RgT3NXCYqQORCtdt85aWF07s7XdpRsO/4m","privKey":"YMdCtkGsvHY19+/2O7j7XZ+p/LXYrH2tKmeksIvG50w="},"lastRemoteEphemeralKey":"BQeY8tyL0qFXeyEKz3qbsifph7V74HGVjtJUKOkaxTog","previousCounter":0,"rootKey":"WS0VEg5rny+/1T4g6ORiei3zB173HSN4ikH0RJ1Je6s="},"indexInfo":{"baseKey":"BZcANru1w2SISiI7/fuYM9/1/3E2DFcKjh8jQwd42RUA","baseKeyType":1,"closed":-1,"used":1729004967840,"created":1729004967840,"remoteIdentityKey":"BXLlKDn8ZWgIo0AZWCiKWeQfPL6hJGOfGTsSwNDH5AhL"},"_chains":{"BZ+Rr737x6RgT3NXCYqQORCtdt85aWF07s7XdpRsO/4m":{"chainKey":{"counter":0,"key":"fYqpPt22+ZWZg68nbew1FRnMs1wo78N/+ZS9L7FeC8Y="},"chainType":1,"messageKeys":{}}},"pendingPreKey":{"signedKeyId":0,"baseKey":"BZcANru1w2SISiI7/fuYM9/1/3E2DFcKjh8jQwd42RUA","preKeyId":8861742}}},"version":"v1"}