{"_sessions":{"BcfmsaVC/eborrBekWtFto8Sf00AeAzIVpF1rsyQIGpu":{"registrationId":1112779197,"currentRatchet":{"ephemeralKeyPair":{"pubKey":"BfB6L3eVyNeTpAYW+KNzRVOuQQDjk+UQ7ZHnR5lE+TJl","privKey":"CDvJXZvm0M528Bt15NBeFBiKYI9Awd2AKxKVfaFdCEY="},"lastRemoteEphemeralKey":"BXumJK8+kIyB5urpZrbr3zwa8OEYGKZcYCGA8z4uz7UD","previousCounter":0,"rootKey":"OWyeQm70/TaX1WPWuGqGByh1OMXOgAknL335kLVB+qE="},"indexInfo":{"baseKey":"BcfmsaVC/eborrBekWtFto8Sf00AeAzIVpF1rsyQIGpu","baseKeyType":1,"closed":-1,"used":1729004967790,"created":1729004967790,"remoteIdentityKey":"BTk60XFEFVRxgvBLVTZX3Iv5gpHcozPqsQlRLiTGibNN"},"_chains":{"BfB6L3eVyNeTpAYW+KNzRVOuQQDjk+UQ7ZHnR5lE+TJl":{"chainKey":{"counter":0,"key":"wEsMbXflh3lsuTMK8QDewHqRtwByT20pcVx7tkzM1TY="},"chainType":1,"messageKeys":{}}},"pendingPreKey":{"signedKeyId":3,"baseKey":"BcfmsaVC/eborrBekWtFto8Sf00AeAzIVpF1rsyQIGpu","preKeyId":4355880}}},"version":"v1"}